[
  {
    "baseType": 3,
    "name": "component_id",
    "defaultValue": "",
    "description": "",
    "helpText": "",
    "isSystem": false,
    "minLength": 0,
    "maxLength": 30,
    "validationRegex": "",
    "isValidate": false,
    "uuid": "1f2f97a1-182f-44d0-a59c-5455d3aae198"
  },
  {
    "baseType": 21,
    "name": "component_status",
    "description": "",
    "helpText": "",
    "isSystem": false,
    "values": [
      {
        "value": "Operational",
        "isDefault": true,
        "isVisible": true
      },
      {
        "value": "Performance Issues",
        "isDefault": false,
        "isVisible": true
      },
      {
        "value": "Partial Outage",
        "isDefault": false,
        "isVisible": true
      },
      {
        "value": "Major Outage",
        "isDefault": false,
        "isVisible": true
      }
    ],
    "uuid": "a77327d4-1e59-417a-8025-9ad822dd0477"
  },
  {
    "baseType": 3,
    "name": "description",
    "defaultValue": "",
    "description": "",
    "helpText": "",
    "isSystem": false,
    "minLength": 0,
    "maxLength": 20000,
    "validationRegex": "",
    "isValidate": false,
    "uuid": "2ffd42bd-75ef-46c7-84b6-53f7b67c35fd"
  },
  {
    "baseType": 21,
    "name": "enabled",
    "description": "",
    "helpText": "",
    "isSystem": false,
    "values": [
      {
        "value": "true",
        "isDefault": true,
        "isVisible": true
      },
      {
        "value": "false",
        "isDefault": false,
        "isVisible": true
      }
    ],
    "uuid": "5a6f8ec1-6170-4c43-ba05-9f5da2e2bf56"
  },
  {
    "baseType": 3,
    "name": "group_id",
    "defaultValue": "",
    "description": "Used to place the component in a component group. Group must already be created",
    "helpText": "",
    "isSystem": false,
    "minLength": 0,
    "maxLength": 200,
    "validationRegex": "",
    "isValidate": false,
    "uuid": "86fe220c-ef20-411f-ab4f-b5029e1336a7"
  },
  {
    "baseType": 3,
    "name": "incident_id",
    "defaultValue": "",
    "description": "",
    "helpText": "",
    "isSystem": false,
    "minLength": 0,
    "maxLength": 2000,
    "validationRegex": "",
    "isValidate": false,
    "uuid": "091ccb39-9754-44b9-8cd1-f42eb65badd5"
  },
  {
    "baseType": 21,
    "name": "incident_status",
    "description": "",
    "helpText": "",
    "isSystem": false,
    "values": [
      {
        "value": "Investigating",
        "isDefault": true,
        "isVisible": true
      },
      {
        "value": "Identified",
        "isDefault": false,
        "isVisible": true
      },
      {
        "value": "Watching",
        "isDefault": false,
        "isVisible": true
      },
      {
        "value": "Fixed",
        "isDefault": false,
        "isVisible": true
      }
    ],
    "uuid": "8c843936-ac0d-4401-8821-434d5d141ecf"
  },
  {
    "baseType": 3,
    "name": "link",
    "defaultValue": "",
    "description": "",
    "helpText": "",
    "isSystem": false,
    "minLength": 0,
    "maxLength": 2000,
    "validationRegex": "",
    "isValidate": false,
    "uuid": "9b67a7b3-8744-4a7c-9f1d-095a44640fcb"
  },
  {
    "baseType": 3,
    "name": "message",
    "defaultValue": "",
    "description": "",
    "helpText": "",
    "isSystem": false,
    "minLength": 0,
    "maxLength": 20000,
    "validationRegex": "",
    "isValidate": false,
    "uuid": "42b46dd8-3883-484e-b331-a81c9d844689"
  },
  {
    "baseType": 3,
    "name": "name",
    "defaultValue": "",
    "description": "",
    "helpText": "",
    "isSystem": false,
    "minLength": 0,
    "maxLength": 2000,
    "validationRegex": "",
    "isValidate": false,
    "uuid": "b6910e78-d15e-4a4e-97d5-ab245c0ac1fb"
  },
  {
    "baseType": 0,
    "name": "notify",
    "defaultValue": "true",
    "description": "",
    "helpText": "",
    "isSystem": false,
    "uuid": "530f5567-a9f0-4160-a42d-4e5ab827e98e"
  },
  {
    "baseType": 3,
    "name": "order",
    "defaultValue": "",
    "description": "",
    "helpText": "",
    "isSystem": false,
    "minLength": 0,
    "maxLength": 200,
    "validationRegex": "",
    "isValidate": false,
    "uuid": "04e44702-dd9b-4639-b84a-07b536c3b98e"
  },
  {
    "baseType": 21,
    "name": "status",
    "description": "",
    "helpText": "",
    "isSystem": false,
    "values": [
      {
        "value": "Operational",
        "isDefault": true,
        "isVisible": true
      },
      {
        "value": "Performance Issues",
        "isDefault": false,
        "isVisible": true
      },
      {
        "value": "Partial Outage",
        "isDefault": false,
        "isVisible": true
      },
      {
        "value": "Major Outage",
        "isDefault": false,
        "isVisible": true
      }
    ],
    "uuid": "a6a47280-6f3e-46ac-9f9c-848669620fbc"
  },
  {
    "baseType": 3,
    "name": "update_id",
    "defaultValue": "",
    "description": "",
    "helpText": "",
    "isSystem": false,
    "minLength": 0,
    "maxLength": 2000,
    "validationRegex": "",
    "isValidate": false,
    "uuid": "f0c58215-4e3b-46b1-a0c5-fe2183f16af7"
  },
  {
    "baseType": 0,
    "name": "visible",
    "defaultValue": "true",
    "description": "",
    "helpText": "",
    "isSystem": false,
    "uuid": "d8a8a1a3-7d68-418b-9d64-981b4bba7e70"
  }
]