{
  "name": "Create Incident Update",
  "description": "",
  "form": "4f2f6843-13d1-4f88-aa28-6d16a9527833",
  "blocks": [
    {
      "id": "47b64cff-ecfe-4c0c-955e-45e24cf730ca",
      "endpoint": "Cachet",
      "label": "Cachet - Create Incident Update",
      "environment": "ONPREMISE",
      "presentation": "{\"w\":60,\"x\":220,\"h\":60,\"y\":260}",
      "step": "bb69f0f4-227b-4a06-8136-33f6a056f97d",
      "stepType": "SCRIPT_STEP",
      "inputMappings": [
        {
          "inputPort": "input",
          "mapping": "${e5fc14f4-cfbe-4e60-a067-9b09d9304d99.incident_id}",
          "stepInput": "7b6e5a2c-c28c-4987-8d9c-987d43688f0b"
        },
        {
          "inputPort": "input",
          "mapping": "${e5fc14f4-cfbe-4e60-a067-9b09d9304d99.status}",
          "stepInput": "73750d52-6147-4c3f-9fa7-be328eb13b75"
        },
        {
          "inputPort": "input",
          "mapping": "${e5fc14f4-cfbe-4e60-a067-9b09d9304d99.message}",
          "stepInput": "bdf44ea5-f69a-41a9-8cdf-0c8d246dbb6c"
        }
      ]
    },
    {
      "id": "4d8dcc8f-9f3a-42f8-a894-ee5420d5fb36",
      "endpoint": "Cachet",
      "label": "Cachet - Create Incident Update",
      "environment": "ONPREMISE",
      "presentation": "{\"w\":60,\"x\":220,\"h\":60,\"y\":40}",
      "step": "bb69f0f4-227b-4a06-8136-33f6a056f97d",
      "stepType": "SCRIPT_STEP",
      "inputMappings": [
        {
          "inputPort": "input",
          "mapping": "${event.properties.incident_id}",
          "stepInput": "7b6e5a2c-c28c-4987-8d9c-987d43688f0b"
        },
        {
          "inputPort": "input",
          "mapping": "${event.properties.incident_status}",
          "stepInput": "73750d52-6147-4c3f-9fa7-be328eb13b75"
        },
        {
          "inputPort": "input",
          "mapping": "${event.properties.message}",
          "stepInput": "bdf44ea5-f69a-41a9-8cdf-0c8d246dbb6c"
        }
      ]
    },
    {
      "id": "e5fc14f4-cfbe-4e60-a067-9b09d9304d99",
      "label": "Cachet - Create Incident Update",
      "environment": "HOSTED",
      "presentation": "{\"w\":60,\"x\":0,\"h\":60,\"y\":260}",
      "step": "ecfb02bc-0950-4037-9a7d-6da7a6798370",
      "stepType": "INTEGRATION"
    },
    {
      "id": "7a4d3556-e9ab-4163-bd01-098e4de368a3",
      "label": "Create Incident Update - Event Status Updates",
      "environment": "HOSTED",
      "presentation": "{\"w\":60,\"x\":0,\"h\":60,\"y\":40}",
      "step": "3bdf774b-278f-4441-9987-362f5d912f04",
      "stepType": "INTEGRATION"
    }
  ],
  "edges": [
    {
      "fromBlock": "e5fc14f4-cfbe-4e60-a067-9b09d9304d99",
      "fromPort": "output",
      "toBlock": "47b64cff-ecfe-4c0c-955e-45e24cf730ca",
      "toPort": "input"
    },
    {
      "fromBlock": "7a4d3556-e9ab-4163-bd01-098e4de368a3",
      "fromPort": "output",
      "toBlock": "4d8dcc8f-9f3a-42f8-a894-ee5420d5fb36",
      "toPort": "input"
    }
  ]
}