{
  "name": "Create Incident",
  "description": "",
  "form": "ab627a43-20d6-4e0b-94c1-7ecf2e3ccddb",
  "blocks": [
    {
      "id": "5abfcaee-0e0b-4add-bae6-9054c21fbf0f",
      "label": "Cachet - Create Incident",
      "environment": "HOSTED",
      "presentation": "{\"w\":60,\"x\":0,\"h\":60,\"y\":260}",
      "step": "8e288725-74a6-4e56-8230-a0a47c105a5c",
      "stepType": "INTEGRATION"
    },
    {
      "id": "a72434b6-786c-4735-b2f0-3a6dbcbc5ef7",
      "endpoint": "Cachet",
      "label": "Cachet - Create Incident",
      "environment": "ONPREMISE",
      "presentation": "{\"w\":60,\"x\":220,\"h\":60,\"y\":40}",
      "step": "66685481-ae38-4743-83e2-00148ccfa617",
      "stepType": "SCRIPT_STEP",
      "inputMappings": [
        {
          "inputPort": "input",
          "mapping": "${event.properties.name}",
          "stepInput": "29f07a63-16f7-4106-8023-349b70e54512"
        },
        {
          "inputPort": "input",
          "mapping": "${event.properties.message}",
          "stepInput": "b248875f-1766-438f-948f-a2b130c9df69"
        },
        {
          "inputPort": "input",
          "mapping": "${event.properties.incident_status}",
          "stepInput": "179c35a2-b4b3-4047-9ce2-695e1ba4051b"
        },
        {
          "inputPort": "input",
          "mapping": "${event.properties.visible}",
          "stepInput": "360715c8-6f71-44ff-b4e6-067c14ddbfa0"
        },
        {
          "inputPort": "input",
          "mapping": "${event.properties.component_id}",
          "stepInput": "27ddeac9-42e9-4a73-a785-e25cbc0e3c41"
        },
        {
          "inputPort": "input",
          "mapping": "${event.properties.component_status}",
          "stepInput": "48e2d2c5-4da9-49de-a626-ca3a7a280ffe"
        },
        {
          "inputPort": "input",
          "mapping": "${event.properties.notify}",
          "stepInput": "f137ed96-fcd5-489c-9d67-2c102bc99b9b"
        }
      ]
    },
    {
      "id": "b443efea-3ac9-4b84-98ed-16e0556d7ce6",
      "endpoint": "Cachet",
      "label": "Cachet - Create Incident",
      "environment": "ONPREMISE",
      "presentation": "{\"w\":60,\"x\":220,\"h\":60,\"y\":260}",
      "step": "66685481-ae38-4743-83e2-00148ccfa617",
      "stepType": "SCRIPT_STEP",
      "inputMappings": [
        {
          "inputPort": "input",
          "mapping": "${5abfcaee-0e0b-4add-bae6-9054c21fbf0f.name}",
          "stepInput": "29f07a63-16f7-4106-8023-349b70e54512"
        },
        {
          "inputPort": "input",
          "mapping": "${5abfcaee-0e0b-4add-bae6-9054c21fbf0f.message}",
          "stepInput": "b248875f-1766-438f-948f-a2b130c9df69"
        },
        {
          "inputPort": "input",
          "mapping": "${5abfcaee-0e0b-4add-bae6-9054c21fbf0f.incident_status}",
          "stepInput": "179c35a2-b4b3-4047-9ce2-695e1ba4051b"
        },
        {
          "inputPort": "input",
          "mapping": "${5abfcaee-0e0b-4add-bae6-9054c21fbf0f.visible}",
          "stepInput": "360715c8-6f71-44ff-b4e6-067c14ddbfa0"
        },
        {
          "inputPort": "input",
          "mapping": "${5abfcaee-0e0b-4add-bae6-9054c21fbf0f.component_id}",
          "stepInput": "27ddeac9-42e9-4a73-a785-e25cbc0e3c41"
        },
        {
          "inputPort": "input",
          "mapping": "${5abfcaee-0e0b-4add-bae6-9054c21fbf0f.component_status}",
          "stepInput": "48e2d2c5-4da9-49de-a626-ca3a7a280ffe"
        },
        {
          "inputPort": "input",
          "mapping": "${5abfcaee-0e0b-4add-bae6-9054c21fbf0f.notify}",
          "stepInput": "f137ed96-fcd5-489c-9d67-2c102bc99b9b"
        }
      ]
    },
    {
      "id": "3979c832-1de2-40d6-8968-6a10aef62964",
      "label": "Create Incident - Event Status Updates",
      "environment": "HOSTED",
      "presentation": "{\"w\":60,\"x\":0,\"h\":60,\"y\":40}",
      "step": "dcb542d1-66f4-4853-83dd-5831a5dc59f2",
      "stepType": "INTEGRATION"
    }
  ],
  "edges": [
    {
      "fromBlock": "3979c832-1de2-40d6-8968-6a10aef62964",
      "fromPort": "output",
      "toBlock": "a72434b6-786c-4735-b2f0-3a6dbcbc5ef7",
      "toPort": "input"
    },
    {
      "fromBlock": "5abfcaee-0e0b-4add-bae6-9054c21fbf0f",
      "fromPort": "output",
      "toBlock": "b443efea-3ac9-4b84-98ed-16e0556d7ce6",
      "toPort": "input"
    }
  ]
}