{
  "name": "Create Component",
  "description": "",
  "form": "9f9aa1e6-e65a-4377-a55e-555e84fb3d9d",
  "blocks": [
    {
      "id": "8aec3785-8f45-488e-8012-4e4f2748cf77",
      "label": "Cachet - Create Component",
      "environment": "HOSTED",
      "presentation": "{\"w\":60,\"x\":0,\"h\":60,\"y\":260}",
      "step": "03e74ff5-8993-4cb9-bd03-91705d29831f",
      "stepType": "INTEGRATION"
    },
    {
      "id": "82ad3df6-7b41-4547-b1fb-850bbf981193",
      "endpoint": "Cachet",
      "label": "Cachet - Create Component",
      "environment": "ONPREMISE",
      "presentation": "{\"w\":60,\"x\":220,\"h\":60,\"y\":40}",
      "step": "3a2e4cb4-2527-4dc8-87a3-fd88f8d39daf",
      "stepType": "SCRIPT_STEP",
      "inputMappings": [
        {
          "inputPort": "input",
          "mapping": "${event.properties.name}",
          "stepInput": "f612b6a4-ace9-44a7-b1b6-1fa73430cde1"
        },
        {
          "inputPort": "input",
          "mapping": "${event.properties.description}",
          "stepInput": "a159089f-de70-4933-bea2-749aa6123f8f"
        },
        {
          "inputPort": "input",
          "mapping": "${event.properties.component_status}",
          "stepInput": "cc665bd6-7628-443d-8ad2-a8e0a6d55577"
        },
        {
          "inputPort": "input",
          "mapping": "${event.properties.link}",
          "stepInput": "a421a089-8bea-48ae-908f-89e40cde2ffc"
        },
        {
          "inputPort": "input",
          "mapping": "${event.properties.order}",
          "stepInput": "396e79ae-b00e-44ae-853b-a3f592053be8"
        },
        {
          "inputPort": "input",
          "mapping": "${event.properties.group_id}",
          "stepInput": "46c8b5b0-3559-49e4-8813-d6b3df01248e"
        },
        {
          "inputPort": "input",
          "mapping": "${event.properties.enabled}",
          "stepInput": "3c74d320-f58c-4e89-aa83-d81bb45c78c5"
        }
      ]
    },
    {
      "id": "7feeb7ca-ccb4-4cb6-82f6-cf288f63cfaa",
      "endpoint": "Cachet",
      "label": "Cachet - Create Component",
      "environment": "ONPREMISE",
      "presentation": "{\"w\":60,\"x\":220,\"h\":60,\"y\":260}",
      "step": "3a2e4cb4-2527-4dc8-87a3-fd88f8d39daf",
      "stepType": "SCRIPT_STEP",
      "inputMappings": [
        {
          "inputPort": "input",
          "mapping": "${8aec3785-8f45-488e-8012-4e4f2748cf77.name}",
          "stepInput": "f612b6a4-ace9-44a7-b1b6-1fa73430cde1"
        },
        {
          "inputPort": "input",
          "mapping": "${8aec3785-8f45-488e-8012-4e4f2748cf77.description}",
          "stepInput": "a159089f-de70-4933-bea2-749aa6123f8f"
        },
        {
          "inputPort": "input",
          "mapping": "${8aec3785-8f45-488e-8012-4e4f2748cf77.status}",
          "stepInput": "cc665bd6-7628-443d-8ad2-a8e0a6d55577"
        },
        {
          "inputPort": "input",
          "mapping": "${8aec3785-8f45-488e-8012-4e4f2748cf77.link}",
          "stepInput": "a421a089-8bea-48ae-908f-89e40cde2ffc"
        },
        {
          "inputPort": "input",
          "mapping": "${8aec3785-8f45-488e-8012-4e4f2748cf77.order}",
          "stepInput": "396e79ae-b00e-44ae-853b-a3f592053be8"
        },
        {
          "inputPort": "input",
          "mapping": "${8aec3785-8f45-488e-8012-4e4f2748cf77.group_id}",
          "stepInput": "46c8b5b0-3559-49e4-8813-d6b3df01248e"
        },
        {
          "inputPort": "input",
          "mapping": "${8aec3785-8f45-488e-8012-4e4f2748cf77.enabled}",
          "stepInput": "3c74d320-f58c-4e89-aa83-d81bb45c78c5"
        }
      ]
    },
    {
      "id": "acc1c4cf-0dea-4a7c-9604-d230fe80cd06",
      "label": "Create Component - Event Status Updates",
      "environment": "HOSTED",
      "presentation": "{\"w\":60,\"x\":0,\"h\":60,\"y\":40}",
      "step": "6051738c-694a-4d44-965e-385b83eda5a8",
      "stepType": "INTEGRATION"
    }
  ],
  "edges": [
    {
      "fromBlock": "8aec3785-8f45-488e-8012-4e4f2748cf77",
      "fromPort": "output",
      "toBlock": "7feeb7ca-ccb4-4cb6-82f6-cf288f63cfaa",
      "toPort": "input"
    },
    {
      "fromBlock": "acc1c4cf-0dea-4a7c-9604-d230fe80cd06",
      "fromPort": "output",
      "toBlock": "82ad3df6-7b41-4547-b1fb-850bbf981193",
      "toPort": "input"
    }
  ]
}