{
  "name": "Update Incident Update",
  "description": "",
  "form": "f53bc403-250d-4d22-a304-6e673e7ac8a1",
  "blocks": [
    {
      "id": "a9e4d819-caa7-4481-9355-ebc17dc287a4",
      "label": "Cachet - Update Incident Update",
      "environment": "HOSTED",
      "presentation": "{\"w\":60,\"x\":0,\"h\":60,\"y\":260}",
      "step": "a25527b1-47f6-4c8b-85a7-6fd0fad5a832",
      "stepType": "INTEGRATION"
    },
    {
      "id": "83b86c3a-93a9-437a-bc72-c186f9271fbd",
      "endpoint": "Cachet",
      "label": "Cachet - Update Incident Update",
      "environment": "ONPREMISE",
      "presentation": "{\"w\":60,\"x\":220,\"h\":60,\"y\":260}",
      "step": "d26d502f-83e8-4f5b-ba87-9380f3589335",
      "stepType": "SCRIPT_STEP",
      "inputMappings": [
        {
          "inputPort": "input",
          "mapping": "${a9e4d819-caa7-4481-9355-ebc17dc287a4.incident_id}",
          "stepInput": "1390b82a-24f7-4c6b-a4fd-2d3226d2a6c3"
        },
        {
          "inputPort": "input",
          "mapping": "${a9e4d819-caa7-4481-9355-ebc17dc287a4.update_id}",
          "stepInput": "e8dd961f-2b8d-44c1-8eb0-304f61db32e7"
        },
        {
          "inputPort": "input",
          "mapping": "${a9e4d819-caa7-4481-9355-ebc17dc287a4.status}",
          "stepInput": "e6272b3e-430a-40cf-9adf-a891c06601ce"
        },
        {
          "inputPort": "input",
          "mapping": "${a9e4d819-caa7-4481-9355-ebc17dc287a4.message}",
          "stepInput": "d88332ab-780f-4d92-ba78-9d417f8cc09f"
        }
      ]
    },
    {
      "id": "79eaff9f-2fec-4aff-a9f1-885fdaf2af12",
      "endpoint": "Cachet",
      "label": "Cachet - Update Incident Update",
      "environment": "ONPREMISE",
      "presentation": "{\"w\":60,\"x\":220,\"h\":60,\"y\":40}",
      "step": "d26d502f-83e8-4f5b-ba87-9380f3589335",
      "stepType": "SCRIPT_STEP",
      "inputMappings": [
        {
          "inputPort": "input",
          "mapping": "${event.properties.incident_id}",
          "stepInput": "1390b82a-24f7-4c6b-a4fd-2d3226d2a6c3"
        },
        {
          "inputPort": "input",
          "mapping": "${event.properties.update_id}",
          "stepInput": "e8dd961f-2b8d-44c1-8eb0-304f61db32e7"
        },
        {
          "inputPort": "input",
          "mapping": "${event.properties.status}",
          "stepInput": "e6272b3e-430a-40cf-9adf-a891c06601ce"
        },
        {
          "inputPort": "input",
          "mapping": "${event.properties.message}",
          "stepInput": "d88332ab-780f-4d92-ba78-9d417f8cc09f"
        }
      ]
    },
    {
      "id": "b6d6094d-e0d2-47f1-8c7c-c686c66058ab",
      "label": "Update Incident Update - Event Status Updates",
      "environment": "HOSTED",
      "presentation": "{\"w\":60,\"x\":0,\"h\":60,\"y\":40}",
      "step": "685835bb-3540-4582-aa92-3ad58db9aa20",
      "stepType": "INTEGRATION"
    }
  ],
  "edges": [
    {
      "fromBlock": "a9e4d819-caa7-4481-9355-ebc17dc287a4",
      "fromPort": "output",
      "toBlock": "83b86c3a-93a9-437a-bc72-c186f9271fbd",
      "toPort": "input"
    },
    {
      "fromBlock": "b6d6094d-e0d2-47f1-8c7c-c686c66058ab",
      "fromPort": "output",
      "toBlock": "79eaff9f-2fec-4aff-a9f1-885fdaf2af12",
      "toPort": "input"
    }
  ]
}