{
  "name": "Update Incident",
  "description": "",
  "form": "ca5b1e63-2f50-4c90-b7c7-976e0e58dde9",
  "blocks": [
    {
      "id": "96f3a81f-d41e-43b5-808b-39f58bb286bc",
      "endpoint": "Cachet",
      "label": "Cachet - Update Incident",
      "environment": "ONPREMISE",
      "presentation": "{\"w\":60,\"x\":220,\"h\":60,\"y\":260}",
      "step": "246356c9-7894-415c-8331-2c8e514949b2",
      "stepType": "SCRIPT_STEP",
      "inputMappings": [
        {
          "inputPort": "input",
          "mapping": "${69d8195b-96d8-4190-ab25-1201b96f64b1.incident_id}",
          "stepInput": "7f6808ec-b78b-48bb-8778-079434edfd10"
        },
        {
          "inputPort": "input",
          "mapping": "${69d8195b-96d8-4190-ab25-1201b96f64b1.status}",
          "stepInput": "54ec5bae-1865-4d92-9544-248132ba8db1"
        },
        {
          "inputPort": "input",
          "mapping": "${69d8195b-96d8-4190-ab25-1201b96f64b1.message}",
          "stepInput": "40b7a225-7422-4cb8-9912-2a95662b8b47"
        },
        {
          "inputPort": "input",
          "mapping": "${69d8195b-96d8-4190-ab25-1201b96f64b1.visible}",
          "stepInput": "1bec846c-a1b4-4dc0-9c8e-7e597123ca2c"
        },
        {
          "inputPort": "input",
          "mapping": "${69d8195b-96d8-4190-ab25-1201b96f64b1.component_id}",
          "stepInput": "f702ce2a-d403-4c64-bd83-22b435214c09"
        },
        {
          "inputPort": "input",
          "mapping": "${69d8195b-96d8-4190-ab25-1201b96f64b1.component_status}",
          "stepInput": "a4c4e39e-de93-42db-8423-9dbcaa017374"
        },
        {
          "inputPort": "input",
          "mapping": "${69d8195b-96d8-4190-ab25-1201b96f64b1.notify}",
          "stepInput": "0312f259-6a65-401d-a395-c351f69e7c56"
        }
      ]
    },
    {
      "id": "67a6212c-fea5-43c9-9528-f055aa63f54b",
      "endpoint": "Cachet",
      "label": "Cachet - Update Incident",
      "environment": "HOSTED",
      "presentation": "{\"w\":60,\"x\":220,\"h\":60,\"y\":40}",
      "step": "246356c9-7894-415c-8331-2c8e514949b2",
      "stepType": "SCRIPT_STEP",
      "inputMappings": [
        {
          "inputPort": "input",
          "mapping": "${event.properties.incident_id}",
          "stepInput": "7f6808ec-b78b-48bb-8778-079434edfd10"
        },
        {
          "inputPort": "input",
          "mapping": "${event.properties.incident_status}",
          "stepInput": "54ec5bae-1865-4d92-9544-248132ba8db1"
        },
        {
          "inputPort": "input",
          "mapping": "${event.properties.message}",
          "stepInput": "40b7a225-7422-4cb8-9912-2a95662b8b47"
        },
        {
          "inputPort": "input",
          "mapping": "${event.properties.visible}",
          "stepInput": "1bec846c-a1b4-4dc0-9c8e-7e597123ca2c"
        },
        {
          "inputPort": "input",
          "mapping": "${event.properties.component_id}",
          "stepInput": "f702ce2a-d403-4c64-bd83-22b435214c09"
        },
        {
          "inputPort": "input",
          "mapping": "${event.properties.component_status}",
          "stepInput": "a4c4e39e-de93-42db-8423-9dbcaa017374"
        },
        {
          "inputPort": "input",
          "mapping": "${event.properties.notify}",
          "stepInput": "0312f259-6a65-401d-a395-c351f69e7c56"
        }
      ]
    },
    {
      "id": "69d8195b-96d8-4190-ab25-1201b96f64b1",
      "label": "Cachet - Update Incident",
      "environment": "HOSTED",
      "presentation": "{\"w\":60,\"x\":0,\"h\":60,\"y\":260}",
      "step": "7d49aca0-d12e-4d3b-a121-f8dfdcb63664",
      "stepType": "INTEGRATION"
    },
    {
      "id": "b024d5ec-eead-4fd8-88b1-a09833ce3499",
      "label": "Update Incident - Event Status Updates",
      "environment": "HOSTED",
      "presentation": "{\"w\":60,\"x\":0,\"h\":60,\"y\":40}",
      "step": "d46b1f4e-08ec-41c1-b791-10284d6f387c",
      "stepType": "INTEGRATION"
    }
  ],
  "edges": [
    {
      "fromBlock": "b024d5ec-eead-4fd8-88b1-a09833ce3499",
      "fromPort": "output",
      "toBlock": "67a6212c-fea5-43c9-9528-f055aa63f54b",
      "toPort": "input"
    },
    {
      "fromBlock": "69d8195b-96d8-4190-ab25-1201b96f64b1",
      "fromPort": "output",
      "toBlock": "96f3a81f-d41e-43b5-808b-39f58bb286bc",
      "toPort": "input"
    }
  ]
}