{
  "name": "Update Component",
  "description": "",
  "form": "80edee55-b80f-44dc-b1b6-84a832768323",
  "blocks": [
    {
      "id": "a7ad10a2-44cf-4028-9137-f4231f0c00f1",
      "endpoint": "Cachet",
      "label": "Cachet - Update Component",
      "environment": "ONPREMISE",
      "presentation": "{\"w\":60,\"x\":220,\"h\":60,\"y\":40}",
      "step": "a67dc275-eb74-4b98-844a-ee20aa8f0b71",
      "stepType": "SCRIPT_STEP",
      "inputMappings": [
        {
          "inputPort": "input",
          "mapping": "${83d92e4e-d3c4-49db-89c1-bf04d9c43892.id}",
          "stepInput": "007bc315-2c12-40f3-b54e-18e95801f76a"
        },
        {
          "inputPort": "input",
          "mapping": "${83d92e4e-d3c4-49db-89c1-bf04d9c43892.status}",
          "stepInput": "2a4712e9-465b-4020-8382-50c152cb56a1"
        },
        {
          "inputPort": "input",
          "mapping": "${83d92e4e-d3c4-49db-89c1-bf04d9c43892.name}",
          "stepInput": "f1fb588a-5161-49fe-bb0b-8a508802fe1d"
        },
        {
          "inputPort": "input",
          "mapping": "${83d92e4e-d3c4-49db-89c1-bf04d9c43892.link}",
          "stepInput": "e491f014-870c-4cf4-8b0a-e4d8e3a5defe"
        },
        {
          "inputPort": "input",
          "mapping": "${83d92e4e-d3c4-49db-89c1-bf04d9c43892.order}",
          "stepInput": "a0b69662-464f-423a-bd55-7390b62af946"
        },
        {
          "inputPort": "input",
          "mapping": "${83d92e4e-d3c4-49db-89c1-bf04d9c43892.group_id}",
          "stepInput": "208e74fc-f4a8-4fb9-9758-9795aa31262c"
        },
        {
          "inputPort": "input",
          "mapping": "${83d92e4e-d3c4-49db-89c1-bf04d9c43892.enabled}",
          "stepInput": "ce8c0080-33c1-46dd-baab-d885b0eb022d"
        }
      ]
    },
    {
      "id": "0708d29d-dfe6-44ba-a159-5dfc7a7d4a21",
      "endpoint": "Cachet",
      "label": "Cachet - Update Component",
      "environment": "ONPREMISE",
      "presentation": "{\"w\":60,\"x\":220,\"h\":60,\"y\":260}",
      "step": "a67dc275-eb74-4b98-844a-ee20aa8f0b71",
      "stepType": "SCRIPT_STEP",
      "inputMappings": [
        {
          "inputPort": "input",
          "mapping": "${event.properties.component_id}",
          "stepInput": "007bc315-2c12-40f3-b54e-18e95801f76a"
        },
        {
          "inputPort": "input",
          "mapping": "${event.properties.status}",
          "stepInput": "2a4712e9-465b-4020-8382-50c152cb56a1"
        },
        {
          "inputPort": "input",
          "mapping": "${event.properties.name}",
          "stepInput": "f1fb588a-5161-49fe-bb0b-8a508802fe1d"
        },
        {
          "inputPort": "input",
          "mapping": "${event.properties.link}",
          "stepInput": "e491f014-870c-4cf4-8b0a-e4d8e3a5defe"
        },
        {
          "inputPort": "input",
          "mapping": "${event.properties.order}",
          "stepInput": "a0b69662-464f-423a-bd55-7390b62af946"
        },
        {
          "inputPort": "input",
          "mapping": "${event.properties.group_id}",
          "stepInput": "208e74fc-f4a8-4fb9-9758-9795aa31262c"
        },
        {
          "inputPort": "input",
          "mapping": "${event.properties.enabled}",
          "stepInput": "ce8c0080-33c1-46dd-baab-d885b0eb022d"
        }
      ]
    },
    {
      "id": "83d92e4e-d3c4-49db-89c1-bf04d9c43892",
      "label": "Cachet - Update Component",
      "environment": "HOSTED",
      "presentation": "{\"w\":60,\"x\":0,\"h\":60,\"y\":40}",
      "step": "5ce8672c-069c-4039-bdae-2561fac6ca25",
      "stepType": "INTEGRATION"
    },
    {
      "id": "130393f4-d5d0-492d-aa93-87ed78ba86e5",
      "label": "Update Component Status - Event Status Updates",
      "environment": "HOSTED",
      "presentation": "{\"w\":60,\"x\":0,\"h\":60,\"y\":260}",
      "step": "edfaa15b-2f0e-48cd-ab09-06145b274a57",
      "stepType": "INTEGRATION"
    }
  ],
  "edges": [
    {
      "fromBlock": "83d92e4e-d3c4-49db-89c1-bf04d9c43892",
      "fromPort": "output",
      "toBlock": "a7ad10a2-44cf-4028-9137-f4231f0c00f1",
      "toPort": "input"
    },
    {
      "fromBlock": "130393f4-d5d0-492d-aa93-87ed78ba86e5",
      "fromPort": "output",
      "toBlock": "0708d29d-dfe6-44ba-a159-5dfc7a7d4a21",
      "toPort": "input"
    }
  ]
}