{
  "integrations": [
    {
      "id": "03e74ff5-8993-4cb9-bd03-91705d29831f",
      "name": "Cachet - Create Component",
      "action": "RUN_SCRIPT",
      "type": "INBOUND_WEBHOOK",
      "deployed": true,
      "form": "9f9aa1e6-e65a-4377-a55e-555e84fb3d9d",
      "environment": "HOSTED",
      "authType": "URL",
      "createdBy": "FLOW",
      "integrationScriptStepUuid": "99e490d2-7112-479a-a779-8acb8ab153eb"
    },
    {
      "id": "8e288725-74a6-4e56-8230-a0a47c105a5c",
      "name": "Cachet - Create Incident",
      "action": "RUN_SCRIPT",
      "type": "INBOUND_WEBHOOK",
      "deployed": true,
      "form": "ab627a43-20d6-4e0b-94c1-7ecf2e3ccddb",
      "environment": "HOSTED",
      "authType": "URL",
      "createdBy": "FLOW",
      "integrationScriptStepUuid": "887e1ef3-a645-4c34-ba1e-c4ba63419dde"
    },
    {
      "id": "ecfb02bc-0950-4037-9a7d-6da7a6798370",
      "name": "Cachet - Create Incident Update",
      "action": "RUN_SCRIPT",
      "type": "INBOUND_WEBHOOK",
      "deployed": true,
      "form": "4f2f6843-13d1-4f88-aa28-6d16a9527833",
      "environment": "HOSTED",
      "authType": "URL",
      "createdBy": "FLOW",
      "integrationScriptStepUuid": "7d66e640-6d58-442b-a61b-1e5437082668"
    },
    {
      "id": "5ce8672c-069c-4039-bdae-2561fac6ca25",
      "name": "Cachet - Update Component",
      "action": "RUN_SCRIPT",
      "type": "INBOUND_WEBHOOK",
      "deployed": true,
      "form": "80edee55-b80f-44dc-b1b6-84a832768323",
      "environment": "HOSTED",
      "authType": "URL",
      "createdBy": "FLOW",
      "integrationScriptStepUuid": "03e39baf-5024-4ae0-b529-d65cf31dd8d4"
    },
    {
      "id": "7d49aca0-d12e-4d3b-a121-f8dfdcb63664",
      "name": "Cachet - Update Incident",
      "action": "RUN_SCRIPT",
      "type": "INBOUND_WEBHOOK",
      "deployed": true,
      "form": "ca5b1e63-2f50-4c90-b7c7-976e0e58dde9",
      "environment": "HOSTED",
      "authType": "URL",
      "createdBy": "FLOW",
      "integrationScriptStepUuid": "5a8d3ac8-5dc6-46f6-aeba-4952dd531585"
    },
    {
      "id": "a25527b1-47f6-4c8b-85a7-6fd0fad5a832",
      "name": "Cachet - Update Incident Update",
      "action": "RUN_SCRIPT",
      "type": "INBOUND_WEBHOOK",
      "deployed": true,
      "form": "f53bc403-250d-4d22-a304-6e673e7ac8a1",
      "environment": "HOSTED",
      "authType": "URL",
      "createdBy": "FLOW",
      "integrationScriptStepUuid": "8510ac83-e290-4c46-b469-5d830e39a586"
    },
    {
      "id": "6051738c-694a-4d44-965e-385b83eda5a8",
      "name": "Create Component - Event Status Updates",
      "action": "RUN_SCRIPT",
      "type": "OUTBOUND_WEBHOOK",
      "triggeredBy": "STATUS",
      "deployed": true,
      "form": "9f9aa1e6-e65a-4377-a55e-555e84fb3d9d",
      "environment": "HOSTED",
      "authType": "NONE",
      "createdBy": "FLOW"
    },
    {
      "id": "dcb542d1-66f4-4853-83dd-5831a5dc59f2",
      "name": "Create Incident - Event Status Updates",
      "action": "RUN_SCRIPT",
      "type": "OUTBOUND_WEBHOOK",
      "triggeredBy": "STATUS",
      "deployed": true,
      "form": "ab627a43-20d6-4e0b-94c1-7ecf2e3ccddb",
      "environment": "HOSTED",
      "authType": "NONE",
      "createdBy": "FLOW"
    },
    {
      "id": "3bdf774b-278f-4441-9987-362f5d912f04",
      "name": "Create Incident Update - Event Status Updates",
      "action": "RUN_SCRIPT",
      "type": "OUTBOUND_WEBHOOK",
      "triggeredBy": "STATUS",
      "deployed": true,
      "form": "4f2f6843-13d1-4f88-aa28-6d16a9527833",
      "environment": "HOSTED",
      "authType": "NONE",
      "createdBy": "FLOW"
    },
    {
      "id": "edfaa15b-2f0e-48cd-ab09-06145b274a57",
      "name": "Update Component Status - Event Status Updates",
      "action": "RUN_SCRIPT",
      "type": "OUTBOUND_WEBHOOK",
      "triggeredBy": "STATUS",
      "deployed": true,
      "form": "80edee55-b80f-44dc-b1b6-84a832768323",
      "environment": "HOSTED",
      "authType": "NONE",
      "createdBy": "FLOW"
    },
    {
      "id": "d46b1f4e-08ec-41c1-b791-10284d6f387c",
      "name": "Update Incident - Event Status Updates",
      "action": "RUN_SCRIPT",
      "type": "OUTBOUND_WEBHOOK",
      "triggeredBy": "STATUS",
      "deployed": true,
      "form": "ca5b1e63-2f50-4c90-b7c7-976e0e58dde9",
      "environment": "HOSTED",
      "authType": "NONE",
      "createdBy": "FLOW"
    },
    {
      "id": "685835bb-3540-4582-aa92-3ad58db9aa20",
      "name": "Update Incident Update - Event Status Updates",
      "action": "RUN_SCRIPT",
      "type": "OUTBOUND_WEBHOOK",
      "triggeredBy": "STATUS",
      "deployed": true,
      "form": "f53bc403-250d-4d22-a304-6e673e7ac8a1",
      "environment": "HOSTED",
      "authType": "NONE",
      "createdBy": "FLOW"
    }
  ],
  "endpoints": [
    {
      "name": "Cachet",
      "baseUrl": "http://172.19.0.2:8000/api/v1/",
      "type": "EXTERNAL",
      "authentication": "NO_AUTH"
    }
  ],
  "constants": []
}