[
  {
    "id": "99e490d2-7112-479a-a779-8acb8ab153eb",
    "name": "Cachet - Create Component",
    "description": "",
    "icon": "https://s3-xmatters-static.s3.amazonaws.com/null/customers/7a375137-1477-4c97-92aa-3ccebfb3707b/IMAGE__20200710221454016__cachet.png",
    "script": "// parse request body\nconst data = JSON.parse(request.body);\nvar properties = data;\nvar payload = {};\npayload.properties = properties;\nconsole.log(`Received body: ${JSON.stringify(payload)}`);\n// set properties to output\nfor (const prop in payload.properties) {\n  console.log(`Key: ${prop} and Value: ${payload.properties[prop]}`);\n  output[prop] = payload.properties[prop];\n}\nconsole.log(`Output with Properties: ${JSON.stringify(output)}`);",
    "endpointLabel": "",
    "allowedEnvironment": "HOSTED",
    "accessibleByAll": "NotShared",
    "triggerAuthType": "URL_AUTH",
    "scriptStepType": "CUSTOM_HTTP",
    "inputs": [],
    "outputs": [
      {
        "id": "54a65149-9d11-4d40-9e8e-e714c8331b2d",
        "name": "order",
        "description": "",
        "position": 0
      },
      {
        "id": "948c9983-257f-4b9e-ab2c-8efe7fa1a16e",
        "name": "group_id",
        "description": "",
        "position": 1
      },
      {
        "id": "05d6a372-7705-4b1e-8cc5-6471ecb59de2",
        "name": "enabled",
        "description": "",
        "position": 2
      },
      {
        "id": "bb72087d-f5c4-4288-b731-43a259c25ded",
        "name": "name",
        "description": "",
        "position": 3
      },
      {
        "id": "f71c7926-4479-4619-a2ae-c56c1d4105ce",
        "name": "description",
        "description": "",
        "position": 4
      },
      {
        "id": "35b610ba-0de4-4149-8075-68f7ea339e5e",
        "name": "status",
        "description": "",
        "position": 5
      },
      {
        "id": "b048710e-c66a-4d85-88e3-6ee246fa62e9",
        "name": "link",
        "description": "",
        "position": 6
      }
    ],
    "libraries": []
  },
  {
    "id": "3a2e4cb4-2527-4dc8-87a3-fd88f8d39daf",
    "name": "Cachet - Create Component",
    "description": "",
    "icon": "https://s3-xmatters-static.s3.amazonaws.com/null/customers/7a375137-1477-4c97-92aa-3ccebfb3707b/IMAGE__20200710221454016__cachet.png",
    "script": "var data = {};\ndata.name = input['name'];\ndata.description = input['description'];\nswitch(input['component_status']){\n    case \"Operational\":\n        data.status = 1;\n        break;\n    case \"Performance Issues\":\n        data.status = 2;\n        break;\n    case \"Partial Outage\":\n        data.status = 3;\n        break;\n    case \"Major Outage\":\n        data.status = 4;\n        break;\n    default:\n        data.status = 0;\n}\ndata.link = input['link'];\nif(input['order'] !== \"\"){\n    data.order = parseInt(input['order']);\n}\n\nif(input['group_id'] !== \"\"){\n    data.group_id = parseInt(input['group_id']);\n}\ndata.enabled = input['enabled'];\n\nvar apiRequest = http.request({\n    'endpoint': 'Cachet',\n    'path': 'components',\n    'method': 'POST',\n    \"headers\" : {\"x-cachet-token\": \"FeV723iOQYpvtmrBhdyX\", \"Content-Type\": \"application/json\"}\n});\n\nvar apiResponse = apiRequest.write(data);\nif (apiResponse.statusCode == 200) {\n    var responseObj = JSON.parse(apiResponse.body);\n    output['id'] = responseObj.data.id;\n    console.log(output['id']);\n}\n ",
    "endpointLabel": "Cachet",
    "allowedEnvironment": "BOTH",
    "accessibleByAll": "NotShared",
    "scriptStepType": "USER",
    "inputs": [
      {
        "id": "f612b6a4-ace9-44a7-b1b6-1fa73430cde1",
        "name": "name",
        "helpText": "",
        "defaultValue": "",
        "multiline": false,
        "required": false,
        "validationRegex": "",
        "maxLength": 20000,
        "minLength": 0,
        "position": 0
      },
      {
        "id": "a159089f-de70-4933-bea2-749aa6123f8f",
        "name": "description",
        "helpText": "",
        "defaultValue": "",
        "multiline": false,
        "required": false,
        "validationRegex": "",
        "maxLength": 2000,
        "minLength": 0,
        "position": 1
      },
      {
        "id": "cc665bd6-7628-443d-8ad2-a8e0a6d55577",
        "name": "component_status",
        "helpText": "",
        "defaultValue": "",
        "multiline": false,
        "required": false,
        "validationRegex": "",
        "maxLength": 2000,
        "minLength": 0,
        "position": 2
      },
      {
        "id": "a421a089-8bea-48ae-908f-89e40cde2ffc",
        "name": "link",
        "helpText": "",
        "defaultValue": "",
        "multiline": false,
        "required": false,
        "validationRegex": "",
        "maxLength": 2000,
        "minLength": 0,
        "position": 3
      },
      {
        "id": "396e79ae-b00e-44ae-853b-a3f592053be8",
        "name": "order",
        "helpText": "",
        "defaultValue": "",
        "multiline": false,
        "required": false,
        "validationRegex": "",
        "maxLength": 2000,
        "minLength": 0,
        "position": 4
      },
      {
        "id": "46c8b5b0-3559-49e4-8813-d6b3df01248e",
        "name": "group_id",
        "helpText": "",
        "defaultValue": "",
        "multiline": false,
        "required": false,
        "validationRegex": "",
        "maxLength": 2000,
        "minLength": 0,
        "position": 5
      },
      {
        "id": "3c74d320-f58c-4e89-aa83-d81bb45c78c5",
        "name": "enabled",
        "helpText": "",
        "defaultValue": "",
        "multiline": false,
        "required": false,
        "validationRegex": "",
        "maxLength": 2000,
        "minLength": 0,
        "position": 6
      }
    ],
    "outputs": [
      {
        "id": "b5886854-b403-4624-843c-fa56278b3d62",
        "name": "id",
        "description": "",
        "position": 0
      },
      {
        "id": "2d8960ca-a29a-47b8-a14d-0c58759644f2",
        "name": "name",
        "description": "",
        "position": 1
      },
      {
        "id": "f639c9c2-df42-4e15-956b-e3554690f639",
        "name": "description",
        "description": "",
        "position": 2
      },
      {
        "id": "2385128d-a818-4ab6-8c1e-f50223181bb3",
        "name": "link",
        "description": "",
        "position": 3
      },
      {
        "id": "b31525dd-9a60-4a17-9778-0373a60260c2",
        "name": "status",
        "description": "",
        "position": 4
      },
      {
        "id": "eaae5322-b1bf-4a63-97e3-2aac624b5ae4",
        "name": "order",
        "description": "",
        "position": 5
      },
      {
        "id": "d1d62a48-4415-4d68-aeac-a92e13f1a38d",
        "name": "group_id",
        "description": "",
        "position": 6
      },
      {
        "id": "13bdcc4a-1e2f-4618-a1bb-99b89e959ceb",
        "name": "created_at",
        "description": "",
        "position": 7
      },
      {
        "id": "49247248-0463-45d4-b928-64c386ff7296",
        "name": "deleted_at",
        "description": "",
        "position": 8
      },
      {
        "id": "1062da55-2c19-4300-bbd7-b53ba3ca2bc4",
        "name": "status_name",
        "description": "",
        "position": 9
      }
    ],
    "libraries": []
  },
  {
    "id": "66685481-ae38-4743-83e2-00148ccfa617",
    "name": "Cachet - Create Incident",
    "description": "",
    "icon": "https://s3-xmatters-static.s3.amazonaws.com/null/customers/7a375137-1477-4c97-92aa-3ccebfb3707b/IMAGE__20200710221454016__cachet.png",
    "script": "var data = {};\ndata.name = input['name'];\ndata.message = input['message'];\nswitch(input['incident_status']){\n    case \"Investigating\":\n        data.status = 1;\n        break;\n    case \"Identified\":\n        data.status = 2;\n        break;\n    case \"Watching\":\n        data.status = 3;\n        break;\n    case \"Fixed\":\n        data.status = 4;\n        break;\n    default:\n        data.status = 0;\n}\ndata.visible = input['visible'];\nif(input['component_id'] !== \"\"){\n    data.component_id = parseInt(input['component_id']);\n}\nswitch(input['component_status']){\n    case \"Operational\":\n        data.component_status = 1;\n        break;\n    case \"Performance Issues\":\n        data.component_status = 2;\n        break;\n    case \"Partial Outage\":\n        data.component_status = 3;\n        break;\n    case \"Major Outage\":\n        data.component_status = 4;\n        break;\n    default:\n        data.component_status = 0;\n}\ndata.notify = input['notify'];\n\nvar apiRequest = http.request({\n    'endpoint': 'Cachet',\n    'path': 'incidents',\n    'method': 'POST',\n    \"headers\" : {\"x-cachet-token\": \"FeV723iOQYpvtmrBhdyX\", \"Content-Type\": \"application/json\"}\n});\n\nvar apiResponse = apiRequest.write(data);\nif (apiResponse.statusCode == 200) {\n    var responseObj = JSON.parse(apiResponse.body);\n    output['id'] = responseObj.data.id;\n    output['component_id'] = responseObj.data.component_id;\n    output['name'] = responseObj.data.name;\n    output['status'] = responseObj.data.status;\n    output['visible'] = responseObj.data.visible;\n    output['message'] = responseObj.data.message;\n    output['scheduled_at'] = responseObj.data.scheduled_at;\n    output['created_at'] = responseObj.data.created_at;\n    output['updated_at'] = responseObj.data.updated_at;\n    output['deleted_at'] = responseObj.data.deleted_at;\n    output['human_status'] = responseObj.data.human_status;\n}\n ",
    "endpointLabel": "Cachet",
    "allowedEnvironment": "BOTH",
    "accessibleByAll": "NotShared",
    "scriptStepType": "USER",
    "inputs": [
      {
        "id": "29f07a63-16f7-4106-8023-349b70e54512",
        "name": "name",
        "helpText": "",
        "defaultValue": "",
        "multiline": false,
        "required": true,
        "validationRegex": "",
        "maxLength": 20000,
        "minLength": 0,
        "position": 0
      },
      {
        "id": "b248875f-1766-438f-948f-a2b130c9df69",
        "name": "message",
        "helpText": "",
        "defaultValue": "",
        "multiline": false,
        "required": true,
        "validationRegex": "",
        "maxLength": 20000,
        "minLength": 0,
        "position": 1
      },
      {
        "id": "179c35a2-b4b3-4047-9ce2-695e1ba4051b",
        "name": "incident_status",
        "helpText": "",
        "defaultValue": "",
        "multiline": false,
        "required": true,
        "validationRegex": "",
        "maxLength": 2000,
        "minLength": 0,
        "position": 2
      },
      {
        "id": "360715c8-6f71-44ff-b4e6-067c14ddbfa0",
        "name": "visible",
        "helpText": "",
        "defaultValue": "true",
        "multiline": false,
        "required": true,
        "validationRegex": "",
        "maxLength": 2000,
        "minLength": 0,
        "position": 3
      },
      {
        "id": "27ddeac9-42e9-4a73-a785-e25cbc0e3c41",
        "name": "component_id",
        "helpText": "",
        "defaultValue": "",
        "multiline": false,
        "required": false,
        "validationRegex": "",
        "maxLength": 2000,
        "minLength": 0,
        "position": 4
      },
      {
        "id": "48e2d2c5-4da9-49de-a626-ca3a7a280ffe",
        "name": "component_status",
        "helpText": "",
        "defaultValue": "",
        "multiline": false,
        "required": false,
        "validationRegex": "",
        "maxLength": 2000,
        "minLength": 0,
        "position": 5
      },
      {
        "id": "f137ed96-fcd5-489c-9d67-2c102bc99b9b",
        "name": "notify",
        "helpText": "",
        "defaultValue": "",
        "multiline": false,
        "required": false,
        "validationRegex": "",
        "maxLength": 2000,
        "minLength": 0,
        "position": 6
      }
    ],
    "outputs": [
      {
        "id": "62d787b9-5138-43da-b757-a33246c7b376",
        "name": "id",
        "description": "",
        "position": 0
      },
      {
        "id": "57cd7945-2e99-4cfe-adb6-3e878ee57244",
        "name": "component_id",
        "description": "",
        "position": 1
      },
      {
        "id": "475548b6-3076-45eb-8f20-90306fe25c21",
        "name": "status",
        "description": "",
        "position": 2
      },
      {
        "id": "27d7fee5-8166-4c59-9683-73b644ee4cf1",
        "name": "visible",
        "description": "",
        "position": 3
      },
      {
        "id": "4929c18a-47e7-4438-a738-185cf82a80b7",
        "name": "message",
        "description": "",
        "position": 4
      },
      {
        "id": "6e3e178b-71ed-4716-bc1c-7fd5efcd4d61",
        "name": "scheduled_at",
        "description": "",
        "position": 5
      },
      {
        "id": "a1bc7cee-80a9-418c-bc63-bdcea6483c5d",
        "name": "created_at",
        "description": "",
        "position": 6
      },
      {
        "id": "49e2dd38-bec3-47c9-a371-120f5ac40d78",
        "name": "updated_at",
        "description": "",
        "position": 7
      },
      {
        "id": "a90e6a47-8f5f-4f03-a99d-b92f261d6fd4",
        "name": "deleted_at",
        "description": "",
        "position": 8
      },
      {
        "id": "25da9a14-7bbd-4703-bac3-4798fe14156f",
        "name": "human_status",
        "description": "",
        "position": 9
      }
    ],
    "libraries": []
  },
  {
    "id": "887e1ef3-a645-4c34-ba1e-c4ba63419dde",
    "name": "Cachet - Create Incident",
    "description": "",
    "icon": "https://s3-xmatters-static.s3.amazonaws.com/null/customers/7a375137-1477-4c97-92aa-3ccebfb3707b/IMAGE__20200710221454016__cachet.png",
    "script": "// parse request body\nconst data = JSON.parse(request.body);\nvar properties = data;\nvar payload = {};\npayload.properties = properties;\nconsole.log(`Received body: ${JSON.stringify(payload)}`);\n// set properties to output\nfor (const prop in payload.properties) {\n  console.log(`Key: ${prop} and Value: ${payload.properties[prop]}`);\n  output[prop] = payload.properties[prop];\n}\nconsole.log(`Output with Properties: ${JSON.stringify(output)}`);",
    "endpointLabel": "",
    "allowedEnvironment": "HOSTED",
    "accessibleByAll": "NotShared",
    "triggerAuthType": "URL_AUTH",
    "scriptStepType": "CUSTOM_HTTP",
    "inputs": [],
    "outputs": [
      {
        "id": "1382584c-ebee-47cd-aacc-033bf9fd5319",
        "name": "name",
        "description": "",
        "position": 0
      },
      {
        "id": "fde108ba-e425-4923-a426-663d02536423",
        "name": "message",
        "description": "",
        "position": 1
      },
      {
        "id": "a4cd5db7-503a-4e70-9cd1-ca80ec80f8c3",
        "name": "incident_status",
        "description": "",
        "position": 2
      },
      {
        "id": "57a67817-8993-4601-a283-063a66a5aedc",
        "name": "visible",
        "description": "",
        "position": 3
      },
      {
        "id": "1780092c-a541-480c-980b-019073f89869",
        "name": "component_id",
        "description": "",
        "position": 4
      },
      {
        "id": "7476e239-7181-41b1-ad53-8e4ff490d355",
        "name": "component_status",
        "description": "",
        "position": 5
      },
      {
        "id": "570203f6-26a5-4080-8476-632b34b7cae4",
        "name": "notify",
        "description": "",
        "position": 6
      }
    ],
    "libraries": []
  },
  {
    "id": "7d66e640-6d58-442b-a61b-1e5437082668",
    "name": "Cachet - Create Incident Update",
    "description": "",
    "icon": "https://s3-xmatters-static.s3.amazonaws.com/null/customers/7a375137-1477-4c97-92aa-3ccebfb3707b/IMAGE__20200710221454016__cachet.png",
    "script": "// parse request body\nconst data = JSON.parse(request.body);\nvar properties = data;\nvar payload = {};\npayload.properties = properties;\nconsole.log(`Received body: ${JSON.stringify(payload)}`);\n// set properties to output\nfor (const prop in payload.properties) {\n  console.log(`Key: ${prop} and Value: ${payload.properties[prop]}`);\n  output[prop] = payload.properties[prop];\n}\nconsole.log(`Output with Properties: ${JSON.stringify(output)}`);",
    "endpointLabel": "",
    "allowedEnvironment": "HOSTED",
    "accessibleByAll": "NotShared",
    "triggerAuthType": "URL_AUTH",
    "scriptStepType": "CUSTOM_HTTP",
    "inputs": [],
    "outputs": [
      {
        "id": "4be34a32-11ec-4eb1-ae23-382954c25ed9",
        "name": "incident_id",
        "description": "",
        "position": 0
      },
      {
        "id": "c5438024-ced5-4d3d-923a-9149645873e3",
        "name": "status",
        "description": "",
        "position": 1
      },
      {
        "id": "58b60c4d-3cd4-4e3c-9afa-985dbd37b08d",
        "name": "message",
        "description": "",
        "position": 2
      }
    ],
    "libraries": []
  },
  {
    "id": "bb69f0f4-227b-4a06-8136-33f6a056f97d",
    "name": "Cachet - Create Incident Update",
    "description": "",
    "icon": "https://s3-xmatters-static.s3.amazonaws.com/null/customers/7a375137-1477-4c97-92aa-3ccebfb3707b/IMAGE__20200710221454016__cachet.png",
    "script": "var data = {};\nswitch(input['status']){\n    case \"Investigating\":\n        data.status = 1;\n        break;\n    case \"Identified\":\n        data.status = 2;\n        break;\n    case \"Watching\":\n        data.status = 3;\n        break;\n    case \"Fixed\":\n        data.status = 4;\n        break;\n    default:\n        data.status = 0;\n}\ndata.message = input['message'];\n\nvar apiRequest = http.request({\n    'endpoint': 'Cachet',\n    'path': 'incidents/' + input['id'] + '/updates',\n    'method': 'POST',\n    \"headers\" : {\"x-cachet-token\": \"FeV723iOQYpvtmrBhdyX\", \"Content-Type\": \"application/json\"}\n});\n\nvar apiResponse = apiRequest.write(data);\nif (apiResponse.statusCode == 200) {\n    var responseObj = JSON.parse(apiResponse.body);\n    console.log(responseObj);\n}\n ",
    "endpointLabel": "Cachet",
    "allowedEnvironment": "BOTH",
    "accessibleByAll": "NotShared",
    "scriptStepType": "USER",
    "inputs": [
      {
        "id": "7b6e5a2c-c28c-4987-8d9c-987d43688f0b",
        "name": "id",
        "helpText": "",
        "defaultValue": "",
        "multiline": false,
        "required": true,
        "validationRegex": "",
        "maxLength": 2000,
        "minLength": 0,
        "position": 0
      },
      {
        "id": "73750d52-6147-4c3f-9fa7-be328eb13b75",
        "name": "status",
        "helpText": "",
        "defaultValue": "",
        "multiline": false,
        "required": true,
        "validationRegex": "",
        "maxLength": 2000,
        "minLength": 0,
        "position": 1
      },
      {
        "id": "bdf44ea5-f69a-41a9-8cdf-0c8d246dbb6c",
        "name": "message",
        "helpText": "",
        "defaultValue": "",
        "multiline": false,
        "required": false,
        "validationRegex": "",
        "maxLength": 20000,
        "minLength": 0,
        "position": 2
      }
    ],
    "outputs": [],
    "libraries": []
  },
  {
    "id": "a67dc275-eb74-4b98-844a-ee20aa8f0b71",
    "name": "Cachet - Update Component",
    "description": "",
    "icon": "https://s3-xmatters-static.s3.amazonaws.com/null/customers/7a375137-1477-4c97-92aa-3ccebfb3707b/IMAGE__20200710221454016__cachet.png",
    "script": "var data = {};\nif(typeof input['status'] === 'number'){\n    data.status = input['status'];\n} else {\n    switch(input['status']){\n    case \"Operational\":\n        data.status = 1;\n        break;\n    case \"Performance Issues\":\n        data.status = 2;\n        break;\n    case \"Partial Outage\":\n        data.status = 3;\n        break;\n    case \"Major Outage\":\n        data.status = 4;\n        break;\n    default:\n        data.status = 0;\n    }\n}\ndata.name = input['name'];\ndata.link = input['link'];\ndata.order = input['order'];\ndata.group_id = input['group_id'];\ndata.enabled - input['enabled'];\n\nvar apiRequest = http.request({\n    'endpoint': 'Cachet',\n    'path': 'components/' + input['id'],\n    'method': 'PUT',\n    \"headers\" : {\"x-cachet-token\": \"FeV723iOQYpvtmrBhdyX\", \"Content-Type\": \"application/json\"}\n});\n\nvar apiResponse = apiRequest.write(data);\nif (apiResponse.statusCode == 200) {\n    var responseObj = JSON.parse(apiResponse.body);\n    output['id'] = responseObj.data.id;\n    output['name'] = responseObj.data.name;\n    output['description'] = responseObj.data.description;\n    output['link'] = responseObj.data.link;\n    output['status'] = responseObj.data.status;\n    output['order'] = responseObj.data.order;\n    output['group_id'] = responseObj.data.group_id;\n    output['created_at'] = responseObj.data.created_at;\n    output['updated_at'] = responseObj.data.updated_at;\n    output['deleted_at'] = responseObj.data.deleted_at;\n    output['enabled'] = responseObj.data.enabled;\n    output['meta'] = responseObj.data.meta;\n    output['status_name'] = responseObj.data.status_name;\n}\n ",
    "endpointLabel": "Cachet",
    "allowedEnvironment": "BOTH",
    "accessibleByAll": "NotShared",
    "scriptStepType": "USER",
    "inputs": [
      {
        "id": "007bc315-2c12-40f3-b54e-18e95801f76a",
        "name": "id",
        "helpText": "",
        "defaultValue": "",
        "multiline": false,
        "required": true,
        "validationRegex": "",
        "maxLength": 2000,
        "minLength": 0,
        "position": 0
      },
      {
        "id": "2a4712e9-465b-4020-8382-50c152cb56a1",
        "name": "status",
        "helpText": "",
        "defaultValue": "",
        "multiline": false,
        "required": true,
        "validationRegex": "",
        "maxLength": 2000,
        "minLength": 0,
        "position": 1
      },
      {
        "id": "f1fb588a-5161-49fe-bb0b-8a508802fe1d",
        "name": "name",
        "helpText": "",
        "defaultValue": "",
        "multiline": false,
        "required": false,
        "validationRegex": "",
        "maxLength": 20000,
        "minLength": 0,
        "position": 2
      },
      {
        "id": "e491f014-870c-4cf4-8b0a-e4d8e3a5defe",
        "name": "link",
        "helpText": "",
        "defaultValue": "",
        "multiline": false,
        "required": false,
        "validationRegex": "",
        "maxLength": 2000,
        "minLength": 0,
        "position": 3
      },
      {
        "id": "a0b69662-464f-423a-bd55-7390b62af946",
        "name": "order",
        "helpText": "",
        "defaultValue": "",
        "multiline": false,
        "required": false,
        "validationRegex": "",
        "maxLength": 2000,
        "minLength": 0,
        "position": 4
      },
      {
        "id": "208e74fc-f4a8-4fb9-9758-9795aa31262c",
        "name": "group_id",
        "helpText": "",
        "defaultValue": "",
        "multiline": false,
        "required": false,
        "validationRegex": "",
        "maxLength": 2000,
        "minLength": 0,
        "position": 5
      },
      {
        "id": "ce8c0080-33c1-46dd-baab-d885b0eb022d",
        "name": "enabled",
        "helpText": "",
        "defaultValue": "",
        "multiline": false,
        "required": false,
        "validationRegex": "",
        "maxLength": 2000,
        "minLength": 0,
        "position": 6
      }
    ],
    "outputs": [
      {
        "id": "b1a3e506-7693-418f-b0d7-d44b846a54e1",
        "name": "id",
        "description": "",
        "position": 0
      },
      {
        "id": "86666fee-8269-4c22-980b-05d1c60305f5",
        "name": "name",
        "description": "",
        "position": 1
      },
      {
        "id": "5cab78ee-b36e-435b-9d83-dabb557d4504",
        "name": "description",
        "description": "",
        "position": 2
      },
      {
        "id": "82052eed-2d50-42c1-8452-39bf61aafe38",
        "name": "link",
        "description": "",
        "position": 3
      },
      {
        "id": "316450b9-81dd-49fe-b001-55897f92f1a0",
        "name": "status",
        "description": "",
        "position": 4
      },
      {
        "id": "0486951e-56fb-40a4-8f61-637f6b59625a",
        "name": "order",
        "description": "",
        "position": 5
      },
      {
        "id": "daf44463-c5c9-478a-9f70-318b29bf5475",
        "name": "group_id",
        "description": "",
        "position": 6
      },
      {
        "id": "38461575-0cc4-42d1-b8d7-2c90bc424d91",
        "name": "created_at",
        "description": "",
        "position": 7
      },
      {
        "id": "bba9ab3f-8e44-46a8-bcfa-a0de9c0cea5b",
        "name": "updated_at",
        "description": "",
        "position": 8
      },
      {
        "id": "aa84cab6-fceb-46d3-be66-708285ef35ad",
        "name": "deleted_at",
        "description": "",
        "position": 9
      },
      {
        "id": "2da89df0-0551-47ad-92e7-7b576a580003",
        "name": "enabled",
        "description": "",
        "position": 10
      },
      {
        "id": "140ad977-2cba-4b8d-b13a-41b3899d05df",
        "name": "meta",
        "description": "",
        "position": 11
      },
      {
        "id": "aec84fa4-d270-4d47-8b97-7251edcfc667",
        "name": "status_name",
        "description": "",
        "position": 12
      }
    ],
    "libraries": []
  },
  {
    "id": "03e39baf-5024-4ae0-b529-d65cf31dd8d4",
    "name": "Cachet - Update Component",
    "description": "",
    "icon": "https://s3-xmatters-static.s3.amazonaws.com/null/customers/7a375137-1477-4c97-92aa-3ccebfb3707b/IMAGE__20200710221454016__cachet.png",
    "script": "// parse request body\nconst data = JSON.parse(request.body);\nvar properties = data;\nvar payload = {};\npayload.properties = properties;\nconsole.log(`Received body: ${JSON.stringify(payload)}`);\n// set properties to output\nfor (const prop in payload.properties) {\n  console.log(`Key: ${prop} and Value: ${payload.properties[prop]}`);\n  output[prop] = payload.properties[prop];\n}\nconsole.log(`Output with Properties: ${JSON.stringify(output)}`);",
    "endpointLabel": "",
    "allowedEnvironment": "HOSTED",
    "accessibleByAll": "NotShared",
    "triggerAuthType": "URL_AUTH",
    "scriptStepType": "CUSTOM_HTTP",
    "inputs": [],
    "outputs": [
      {
        "id": "2b688123-c01b-4e4a-850c-dd39065ddf44",
        "name": "id",
        "description": "",
        "position": 0
      },
      {
        "id": "474bed6f-ad70-4452-a5b7-b1d2cc4d12ac",
        "name": "status",
        "description": "",
        "position": 1
      },
      {
        "id": "3ef16294-3f43-4d82-9b6b-d9078afe1fed",
        "name": "name",
        "description": "",
        "position": 2
      },
      {
        "id": "47e55b69-e954-445f-a10e-8b4478713ee2",
        "name": "link",
        "description": "",
        "position": 3
      },
      {
        "id": "21bf2b6a-872b-4050-9cf5-6b1011de881b",
        "name": "order",
        "description": "",
        "position": 4
      },
      {
        "id": "f221e8cd-7c53-478e-a5d6-5913dc57ad8e",
        "name": "group_id",
        "description": "",
        "position": 5
      },
      {
        "id": "a5b91370-0c7b-4648-a5ee-afdf4470c29d",
        "name": "enabled",
        "description": "",
        "position": 6
      }
    ],
    "libraries": []
  },
  {
    "id": "246356c9-7894-415c-8331-2c8e514949b2",
    "name": "Cachet - Update Incident",
    "description": "",
    "icon": "https://s3-xmatters-static.s3.amazonaws.com/null/customers/7a375137-1477-4c97-92aa-3ccebfb3707b/IMAGE__20200710221454016__cachet.png",
    "script": "var data = {};\ndata.status = input['status'];\ndata.message = input['message'];\ndata.visible = input['visible'];\ndata.component_id = input['component_id'];\nswitch(input['component_status']){\n    case \"Operational\":\n        data.status = 1;\n        break;\n    case \"Performance Issues\":\n        data.status = 2;\n        break;\n    case \"Partial Outage\":\n        data.status = 3;\n        break;\n    case \"Major Outage\":\n        data.status = 4;\n        break;\n    default:\n        data.status = 0;\n}\ndata.notify = input['notify'];\n\nvar apiRequest = http.request({\n    'endpoint': 'Cachet',\n    'path': 'incidents/' + input['id'],\n    'method': 'PUT',\n    \"headers\" : {\"x-cachet-token\": \"FeV723iOQYpvtmrBhdyX\", \"Content-Type\": \"application/json\"}\n});\n\nvar apiResponse = apiRequest.write(data);\nif (apiResponse.statusCode == 200) {\n    var responseObj = JSON.parse(apiResponse.body);\n    output['id'] = responseObj.data.id;\n    output['name'] = responseObj.data.name;\n    output['description'] = responseObj.data.description;\n    output['link'] = responseObj.data.link;\n    output['status'] = responseObj.data.status;\n    output['order'] = responseObj.data.order;\n    output['group_id'] = responseObj.data.group_id;\n    output['created_at'] = responseObj.data.created_at;\n    output['updated_at'] = responseObj.data.updated_at;\n    output['deleted_at'] = responseObj.data.deleted_at;\n    output['enabled'] = responseObj.data.enabled;\n    output['meta'] = responseObj.data.meta;\n    output['status_name'] = responseObj.data.status_name;\n}\n ",
    "endpointLabel": "Cachet",
    "allowedEnvironment": "BOTH",
    "accessibleByAll": "NotShared",
    "scriptStepType": "USER",
    "inputs": [
      {
        "id": "7f6808ec-b78b-48bb-8778-079434edfd10",
        "name": "id",
        "helpText": "",
        "defaultValue": "",
        "multiline": false,
        "required": true,
        "validationRegex": "",
        "maxLength": 2000,
        "minLength": 0,
        "position": 0
      },
      {
        "id": "54ec5bae-1865-4d92-9544-248132ba8db1",
        "name": "status",
        "helpText": "",
        "defaultValue": "",
        "multiline": false,
        "required": true,
        "validationRegex": "",
        "maxLength": 2000,
        "minLength": 0,
        "position": 1
      },
      {
        "id": "40b7a225-7422-4cb8-9912-2a95662b8b47",
        "name": "message",
        "helpText": "",
        "defaultValue": "",
        "multiline": false,
        "required": false,
        "validationRegex": "",
        "maxLength": 20000,
        "minLength": 0,
        "position": 2
      },
      {
        "id": "1bec846c-a1b4-4dc0-9c8e-7e597123ca2c",
        "name": "visible",
        "helpText": "",
        "defaultValue": "",
        "multiline": false,
        "required": false,
        "validationRegex": "",
        "maxLength": 2000,
        "minLength": 0,
        "position": 3
      },
      {
        "id": "f702ce2a-d403-4c64-bd83-22b435214c09",
        "name": "component_id",
        "helpText": "",
        "defaultValue": "",
        "multiline": false,
        "required": false,
        "validationRegex": "",
        "maxLength": 2000,
        "minLength": 0,
        "position": 4
      },
      {
        "id": "a4c4e39e-de93-42db-8423-9dbcaa017374",
        "name": "component_status",
        "helpText": "",
        "defaultValue": "",
        "multiline": false,
        "required": false,
        "validationRegex": "",
        "maxLength": 2000,
        "minLength": 0,
        "position": 5
      },
      {
        "id": "0312f259-6a65-401d-a395-c351f69e7c56",
        "name": "notify",
        "helpText": "",
        "defaultValue": "",
        "multiline": false,
        "required": false,
        "validationRegex": "",
        "maxLength": 2000,
        "minLength": 0,
        "position": 6
      }
    ],
    "outputs": [
      {
        "id": "55dbb577-77d1-4f8e-a3f0-d5b8d7faf7aa",
        "name": "id",
        "description": "",
        "position": 0
      },
      {
        "id": "5a9bc5f3-2b18-4f72-bc9d-d5942871bdc8",
        "name": "name",
        "description": "",
        "position": 1
      },
      {
        "id": "3726b097-f714-4b36-ba20-dca9dd569017",
        "name": "description",
        "description": "",
        "position": 2
      },
      {
        "id": "5ede6430-01ae-4e7d-9132-f83a5bb7e3f4",
        "name": "link",
        "description": "",
        "position": 3
      },
      {
        "id": "10a7f9c9-a441-4069-b8f3-b80e886986b7",
        "name": "status",
        "description": "",
        "position": 4
      },
      {
        "id": "75f4e922-c371-4e6f-a51a-e104bac3e47a",
        "name": "order",
        "description": "",
        "position": 5
      },
      {
        "id": "df4b8b4f-14c0-4555-a766-16cef03520a1",
        "name": "group_id",
        "description": "",
        "position": 6
      },
      {
        "id": "fc60ba7e-9333-4114-87d8-4a0a666a20f9",
        "name": "created_at",
        "description": "",
        "position": 7
      },
      {
        "id": "66802903-d678-41b1-993e-ef67e2269783",
        "name": "updated_at",
        "description": "",
        "position": 8
      },
      {
        "id": "d21690bc-8080-4b00-9c10-445e2312584f",
        "name": "deleted_at",
        "description": "",
        "position": 9
      },
      {
        "id": "726aa419-0d5c-4145-ab6a-c2df2745a78d",
        "name": "enabled",
        "description": "",
        "position": 10
      },
      {
        "id": "6658ad80-a45f-4d2d-9b56-6dd9ecda52fb",
        "name": "meta",
        "description": "",
        "position": 11
      },
      {
        "id": "b72725a6-afcd-40b5-985a-1a0b5af76dc2",
        "name": "status_name",
        "description": "",
        "position": 12
      }
    ],
    "libraries": []
  },
  {
    "id": "5a8d3ac8-5dc6-46f6-aeba-4952dd531585",
    "name": "Cachet - Update Incident",
    "description": "",
    "icon": "https://s3-xmatters-static.s3.amazonaws.com/null/customers/7a375137-1477-4c97-92aa-3ccebfb3707b/IMAGE__20200710221454016__cachet.png",
    "script": "const data = JSON.parse(request.body);\nvar properties = data;\nvar payload = {};\npayload.properties = properties;\nconsole.log(`Received body: ${JSON.stringify(payload)}`);\n// set properties to output\nfor (const prop in payload.properties) {\n  console.log(`Key: ${prop} and Value: ${payload.properties[prop]}`);\n  output[prop] = payload.properties[prop];\n}\nconsole.log(`Output with Properties: ${JSON.stringify(output)}`);",
    "endpointLabel": "",
    "allowedEnvironment": "HOSTED",
    "accessibleByAll": "NotShared",
    "triggerAuthType": "URL_AUTH",
    "scriptStepType": "CUSTOM_HTTP",
    "inputs": [],
    "outputs": [
      {
        "id": "69098b29-a1cd-4108-a1de-0843a8fe9751",
        "name": "incident_id",
        "description": "",
        "position": 0
      },
      {
        "id": "996538cf-3116-45af-960e-bcd857bfbc1e",
        "name": "status",
        "description": "",
        "position": 1
      },
      {
        "id": "51274b53-1e0c-46d8-b5de-9b97c5a383fd",
        "name": "message",
        "description": "",
        "position": 2
      },
      {
        "id": "07ffc43b-0606-48c8-ae33-8ebac78a18da",
        "name": "visible",
        "description": "",
        "position": 3
      },
      {
        "id": "9919d2ed-ea3b-4091-bd96-ef0bb1f488b5",
        "name": "component_id",
        "description": "",
        "position": 4
      },
      {
        "id": "8547b40e-12e5-4c14-8508-3b442de23b55",
        "name": "component_status",
        "description": "",
        "position": 5
      },
      {
        "id": "e9db1676-ce1c-42e9-8a82-cb2a5e6c1755",
        "name": "notify",
        "description": "",
        "position": 6
      }
    ],
    "libraries": []
  },
  {
    "id": "d26d502f-83e8-4f5b-ba87-9380f3589335",
    "name": "Cachet - Update Incident Update",
    "description": "",
    "icon": "https://s3-xmatters-static.s3.amazonaws.com/null/customers/7a375137-1477-4c97-92aa-3ccebfb3707b/IMAGE__20200710221454016__cachet.png",
    "script": "var data = {};\ndata.incident = input['incident_id'];\ndata.update = input['update_id'];\ndata.status = input['status'];\ndata.message = input['message'];\n\nvar apiRequest = http.request({\n    'endpoint': 'Cachet',\n    'path': 'incidents/' + input['incident_id'] + '/updates/' + input['update_id'],\n    'method': 'PUT',\n    \"headers\" : {\"x-cachet-token\": \"FeV723iOQYpvtmrBhdyX\", \"Content-Type\": \"application/json\"}\n});\n\nvar apiResponse = apiRequest.write(data);\nif (apiResponse.statusCode == 200) {\n    var responseObj = JSON.parse(apiResponse.body);\n    console.log(responseObj);\n}\n ",
    "endpointLabel": "Cachet",
    "allowedEnvironment": "BOTH",
    "accessibleByAll": "NotShared",
    "scriptStepType": "USER",
    "inputs": [
      {
        "id": "1390b82a-24f7-4c6b-a4fd-2d3226d2a6c3",
        "name": "incident_id",
        "helpText": "",
        "defaultValue": "",
        "multiline": false,
        "required": true,
        "validationRegex": "",
        "maxLength": 2000,
        "minLength": 0,
        "position": 0
      },
      {
        "id": "e8dd961f-2b8d-44c1-8eb0-304f61db32e7",
        "name": "update_id",
        "helpText": "",
        "defaultValue": "",
        "multiline": false,
        "required": true,
        "validationRegex": "",
        "maxLength": 2000,
        "minLength": 0,
        "position": 1
      },
      {
        "id": "e6272b3e-430a-40cf-9adf-a891c06601ce",
        "name": "status",
        "helpText": "",
        "defaultValue": "",
        "multiline": false,
        "required": false,
        "validationRegex": "",
        "maxLength": 20000,
        "minLength": 0,
        "position": 2
      },
      {
        "id": "d88332ab-780f-4d92-ba78-9d417f8cc09f",
        "name": "message",
        "helpText": "",
        "defaultValue": "",
        "multiline": false,
        "required": false,
        "validationRegex": "",
        "maxLength": 20000,
        "minLength": 0,
        "position": 3
      }
    ],
    "outputs": [
      {
        "id": "c4b3b39b-d78e-4bdb-bcf8-c70e9a77a67a",
        "name": "id",
        "description": "",
        "position": 0
      },
      {
        "id": "7ef54a55-2928-4f85-9a64-33fc3bfcff53",
        "name": "name",
        "description": "",
        "position": 1
      },
      {
        "id": "b6058b0e-a2be-4eea-ac6e-7d0354759f4c",
        "name": "description",
        "description": "",
        "position": 2
      },
      {
        "id": "c19a5da9-fb60-4e16-b8e4-36cddb8b5423",
        "name": "link",
        "description": "",
        "position": 3
      },
      {
        "id": "7c09cd86-59b1-4e4a-8fd2-20a9ffe0ec7f",
        "name": "status",
        "description": "",
        "position": 4
      },
      {
        "id": "25ce5a71-9ec3-41cc-b9ea-4890ec4eb695",
        "name": "order",
        "description": "",
        "position": 5
      },
      {
        "id": "d8ec21c1-1f14-448d-9e47-0b1102fcaa8e",
        "name": "group_id",
        "description": "",
        "position": 6
      },
      {
        "id": "a501201f-3188-43bb-97ae-8a7a67bba0d1",
        "name": "created_at",
        "description": "",
        "position": 7
      },
      {
        "id": "f0d53eec-4641-4479-9f26-4b673baa19b2",
        "name": "updated_at",
        "description": "",
        "position": 8
      },
      {
        "id": "ccc4fbf1-ebe2-4297-a65b-db6eabe923d1",
        "name": "deleted_at",
        "description": "",
        "position": 9
      },
      {
        "id": "8c9ac744-6033-4e50-b494-32df3373fae4",
        "name": "enabled",
        "description": "",
        "position": 10
      },
      {
        "id": "b5b97bb1-71e1-4601-a6e4-835389af9d7b",
        "name": "meta",
        "description": "",
        "position": 11
      },
      {
        "id": "7d65787b-59bc-4135-ba42-3e744f3f7308",
        "name": "status_name",
        "description": "",
        "position": 12
      }
    ],
    "libraries": []
  },
  {
    "id": "8510ac83-e290-4c46-b469-5d830e39a586",
    "name": "Cachet - Update Incident Update",
    "description": "",
    "icon": "https://s3-xmatters-static.s3.amazonaws.com/null/customers/7a375137-1477-4c97-92aa-3ccebfb3707b/IMAGE__20200710221454016__cachet.png",
    "script": "const data = JSON.parse(request.body);\nvar properties = data;\nvar payload = {};\npayload.properties = properties;\nconsole.log(`Received body: ${JSON.stringify(payload)}`);\n// set properties to output\nfor (const prop in payload.properties) {\n  console.log(`Key: ${prop} and Value: ${payload.properties[prop]}`);\n  output[prop] = payload.properties[prop];\n}\nconsole.log(`Output with Properties: ${JSON.stringify(output)}`);",
    "endpointLabel": "",
    "allowedEnvironment": "BOTH",
    "accessibleByAll": "NotShared",
    "triggerAuthType": "URL_AUTH",
    "scriptStepType": "CUSTOM_HTTP",
    "inputs": [],
    "outputs": [
      {
        "id": "3a7f4f92-4872-4596-9b53-7c415be0c2d9",
        "name": "incident_id",
        "description": "",
        "position": 0
      },
      {
        "id": "9d156c42-8a05-4e77-885e-c2012ac962be",
        "name": "update_id",
        "description": "",
        "position": 1
      },
      {
        "id": "9d96b026-27c0-4de5-ae4f-ec55eda05ca4",
        "name": "status",
        "description": "",
        "position": 2
      },
      {
        "id": "3cc55bbf-aa4d-4de9-b896-ca71b15bb32b",
        "name": "message",
        "description": "",
        "position": 3
      }
    ],
    "libraries": []
  }
]